Time,Sensor1_Rel,Sensor2_Rel
1.0526,202.84999999997672,77.75
1.0526,202.84999999997672,-207.25
1.0536,-43.15000000002328,292.75
1.0536,-43.15000000002328,292.75
1.0536,63.84999999997672,-246.25
1.0546,203.84999999997672,-246.25
1.0546,203.84999999997672,104.75
1.0556,-154.15000000002328,104.75
1.0556,-154.15000000002328,-55.25
1.0556,286.8499999999767,-55.25
1.0566,-263.1500000000233,-157.25
1.0566,-263.1500000000233,-157.25
1.0576,300.8499999999767,297.75
1.0706,300.8499999999767,-484.25
1.124,5.849999999976717,-484.25
1.3564,-81.15000000002328,593.75
1.3575,-81.15000000002328,593.75
1.3575,382.8499999999767,-562.25
1.3584,382.8499999999767,-562.25
1.3775,-249.15000000002328,570.75
1.6054,-249.15000000002328,570.75
1.6054,398.8499999999767,-453.25
1.6064,-172.15000000002328,-453.25
1.6064,-172.15000000002328,474.75
1.6365,295.8499999999767,-290.25
1.8579,295.8499999999767,-290.25
1.8579,131.84999999997672,98.75
1.8588,16.849999999976717,98.75
1.8588,16.849999999976717,-10.25
1.8899,251.84999999997672,-10.25
1.9438,251.84999999997672,-129.25
2.1646,-8.150000000023283,-129.25
2.1656,170.84999999997672,200.75
2.1656,170.84999999997672,-225.25
2.1666,99.84999999997672,-225.25
2.1974,99.84999999997672,211.75
2.2507,-41.15000000002328,211.75
2.2992,-41.15000000002328,-295.25
2.5367,266.8499999999767,-295.25
2.5367,-121.15000000002328,133.75
2.5367,-121.15000000002328,133.75
2.5376,289.8499999999767,-95.25
2.5576,289.8499999999767,-95.25
2.6072,1.849999999976717,6.75
2.9556,83.84999999997672,99.75
2.9566,83.84999999997672,99.75
2.9566,231.84999999997672,-180.25
2.9576,231.84999999997672,-180.25
2.9576,-16.150000000023283,212.75
2.9576,300.8499999999767,212.75
2.967,300.8499999999767,-300.25
3.0204,-74.15000000002328,-300.25
3.244,-74.15000000002328,206.75
3.244,249.84999999997672,206.75
3.245,249.84999999997672,-183.25
3.245,17.849999999976717,64.75
3.2749,205.84999999997672,64.75
3.4877,205.84999999997672,-6.25
3.4888,-1.150000000023283,-6.25
3.4888,-1.150000000023283,-85.25
3.4888,330.8499999999767,-85.25
3.5327,54.84999999997672,31.75
3.5819,54.84999999997672,31.75
3.6345,353.8499999999767,-148.25
3.8988,353.8499999999767,-148.25
3.8988,16.849999999976717,58.75
3.8998,328.8499999999767,-132.25
3.8998,328.8499999999767,-132.25
3.9008,3.849999999976717,147.75
3.9421,3.849999999976717,147.75
3.9916,273.8499999999767,-110.25
4.3314,273.8499999999767,-110.25
4.3324,145.84999999997672,58.75
4.3334,141.84999999997672,58.75
4.3334,141.84999999997672,12.75
4.3344,270.8499999999767,12.75
4.3354,270.8499999999767,6.75
4.3523,72.84999999997672,-78.25
4.4078,377.8499999999767,-78.25
4.4538,377.8499999999767,-91.25
4.7505,24.849999999976717,-91.25
4.7515,24.849999999976717,139.75
4.7515,272.8499999999767,139.75
4.7515,100.84999999997672,-219.25
4.7525,100.84999999997672,-219.25
4.7613,221.84999999997672,214.75
4.9965,221.84999999997672,214.75
4.9975,252.84999999997672,-205.25
4.9975,252.84999999997672,228.75
4.9975,74.84999999997672,228.75
5.0156,304.8499999999767,-238.25
5.3011,304.8499999999767,-238.25
5.3011,78.84999999997672,174.75
5.3021,78.84999999997672,174.75
5.3021,357.8499999999767,-173.25
5.3031,181.84999999997672,-173.25
5.3231,181.84999999997672,68.75
5.5608,143.84999999997672,-43.25
5.5618,143.84999999997672,-43.25
5.5618,265.8499999999767,20.75
5.5628,60.84999999997672,20.75
5.5818,60.84999999997672,103.75
5.8182,310.8499999999767,103.75
5.8182,310.8499999999767,-72.25
5.8182,49.84999999997672,-72.25
5.8192,207.84999999997672,51.75
5.8342,207.84999999997672,51.75
6.0765,-569.1500000000233,-180.25
6.0765,-569.1500000000233,-302.25
6.0775,-544.1500000000233,-302.25
6.0775,-544.1500000000233,-1137.25
6.093,-293.1500000000233,-1137.25
6.3276,-483.1500000000233,-580.25
6.3286,-483.1500000000233,-580.25
6.3286,-441.1500000000233,-369.25
6.3296,-441.1500000000233,-369.25
6.3496,25.849999999976717,-1250.25
6.5808,222.84999999997672,-1250.25
6.5808,222.84999999997672,-1067.25
6.5818,467.8499999999767,-674.25
6.5818,467.8499999999767,-674.25
6.6052,946.8499999999767,-1203.25
6.8792,821.8499999999767,-1203.25
6.8792,821.8499999999767,-949.25
6.8802,892.8499999999767,-949.25
6.8802,892.8499999999767,-1103.25
6.8812,892.8499999999767,-1103.25
6.9117,892.8499999999767,-990.25
7.1255,856.8499999999767,-990.25
7.1255,907.8499999999767,-1052.25
7.1255,907.8499999999767,-1171.25
7.1265,1293.8499999999767,-1171.25
7.1696,1293.8499999999767,-1042.25
7.3797,1799.8499999999767,-1042.25
7.3797,1854.8499999999767,-636.25
7.3807,1854.8499999999767,-636.25
7.3807,2069.8499999999767,-1268.25
7.4237,2069.8499999999767,-1268.25
7.7421,1721.8499999999767,-601.25
7.7431,1744.8499999999767,-601.25
7.7441,1744.8499999999767,-731.25
7.7451,1611.8499999999767,-544.25
7.7461,1611.8499999999767,-544.25
7.7461,1480.8499999999767,201.75
7.7842,1480.8499999999767,201.75
8.0111,1445.8499999999767,242.75
8.0111,1348.8499999999767,242.75
8.0122,1348.8499999999767,745.75
8.0122,1168.8499999999767,745.75
8.0382,1168.8499999999767,874.75
8.2664,624.8499999999767,874.75
8.2664,259.8499999999767,738.75
8.2675,259.8499999999767,909.75
8.2685,206.84999999997672,909.75
8.2963,206.84999999997672,857.75
8.3466,217.84999999997672,857.75
8.399,206.84999999997672,894.75
8.6504,206.84999999997672,894.75
8.6521,209.84999999997672,861.75
8.6521,209.84999999997672,861.75
8.6521,235.84999999997672,846.75
8.6521,235.84999999997672,798.75
8.894,256.8499999999767,798.75
8.895,180.84999999997672,916.75
8.896,180.84999999997672,916.75
8.896,-133.15000000002328,-1571.25
8.91,-133.15000000002328,-1571.25
9.1287,-273.1500000000233,-11667.25
9.1297,233.84999999997672,-11667.25
9.1297,233.84999999997672,-17558.25
9.1307,-20.150000000023283,-17558.25
9.1647,-20.150000000023283,-17268.25
9.218,-34.15000000002328,-16691.25
9.4953,-96.15000000002328,-16691.25
9.4973,-96.15000000002328,-15834.25
9.4983,-167.15000000002328,-15834.25
9.4993,-167.15000000002328,-16693.25
9.5004,-14.150000000023283,-16693.25
9.5254,-14.150000000023283,-16823.25
9.7641,-165.15000000002328,-16823.25
9.7641,32.84999999997672,-16769.25
9.7651,32.84999999997672,-16769.25
9.7651,389.8499999999767,-15223.25
9.7822,389.8499999999767,-12445.25
10.0102,-70.15000000002328,-12445.25
10.0102,-251.15000000002328,-11725.25
10.0112,-251.15000000002328,-11725.25
10.0112,75.84999999997672,-11155.25
10.0371,75.84999999997672,-11155.25
10.2691,608.8499999999767,-5386.25
10.2691,-199.15000000002328,-5386.25
10.2701,-199.15000000002328,1697.75
10.2701,-244.15000000002328,1697.75
10.294,-244.15000000002328,3418.75
10.3438,-54.15000000002328,3127.75
10.5868,-54.15000000002328,3127.75
10.5868,-47.15000000002328,2118.75
10.5878,-51.15000000002328,2118.75
10.5878,-51.15000000002328,2142.75
10.6022,-289.1500000000233,2142.75
10.8205,-289.1500000000233,3727.75
10.8215,-42.15000000002328,3727.75
10.8215,-126.15000000002328,3321.75
10.8215,-126.15000000002328,3321.75
10.8565,-462.1500000000233,1855.75
11.0666,-462.1500000000233,993.75
11.0666,-152.15000000002328,993.75
11.0676,155.84999999997672,590.75
11.0686,155.84999999997672,590.75
11.1141,-48.15000000002328,597.75
11.4415,-48.15000000002328,597.75
11.4435,74.84999999997672,585.75
11.4445,74.84999999997672,585.75
11.4455,31.849999999976717,541.75
11.4465,58.84999999997672,541.75
11.4465,58.84999999997672,508.75
11.4715,88.84999999997672,547.75
11.7264,88.84999999997672,547.75
11.7275,86.84999999997672,521.75
11.7275,54.84999999997672,521.75
11.7275,54.84999999997672,536.75
11.7285,86.84999999997672,536.75
11.9928,86.84999999997672,553.75
11.9938,220.84999999997672,553.75
11.9948,160.84999999997672,449.75
11.9963,160.84999999997672,736.75
11.9973,-16.150000000023283,736.75
12.0364,-16.150000000023283,489.75
12.3124,166.84999999997672,489.75
12.3134,166.84999999997672,500.75
12.3134,-31.150000000023283,500.75
12.3145,92.84999999997672,519.75
12.3145,92.84999999997672,519.75
12.3424,-23.150000000023283,602.75
12.5907,-23.150000000023283,602.75
12.5907,29.849999999976717,494.75
12.5917,-194.15000000002328,789.75
12.5917,-194.15000000002328,789.75
12.5967,-40.15000000002328,641.75
12.8735,-40.15000000002328,641.75
12.8735,19.849999999976717,773.75
12.8745,-155.15000000002328,773.75
12.8745,-155.15000000002328,816.75
12.8745,161.84999999997672,816.75
12.9041,161.84999999997672,611.75
13.0993,-456.1500000000233,611.75
13.0993,-456.1500000000233,1286.75
13.1004,349.8499999999767,26.75
13.1085,-298.1500000000233,26.75
13.3535,-298.1500000000233,1408.75
13.3535,-1288.1500000000233,1408.75
13.3535,-1288.1500000000233,-320.25
13.3545,-507.1500000000233,-320.25
13.3665,-740.1500000000233,-929.25
13.6007,-740.1500000000233,-929.25
13.6017,-1008.1500000000233,17.75
13.6017,-1008.1500000000233,17.75
13.6017,-635.1500000000233,-728.25
13.6247,-139.15000000002328,-2083.25
13.6738,-139.15000000002328,-2083.25
13.889,-324.1500000000233,-1543.25
13.889,-324.1500000000233,-1543.25
13.89,-378.1500000000233,-1156.25
13.89,-378.1500000000233,-1156.25
13.9318,133.84999999997672,-2238.25
14.1449,262.8499999999767,-2238.25
14.1459,262.8499999999767,-1851.25
14.1459,205.84999999997672,-1851.25
14.1459,205.84999999997672,-1413.25
14.186,442.8499999999767,-1978.25
14.4109,735.8499999999767,-1978.25
14.4119,735.8499999999767,-1919.25
14.4119,717.8499999999767,-1919.25
14.4119,717.8499999999767,-1534.25
14.4441,982.8499999999767,-1534.25
14.6582,1281.8499999999767,-2226.25
14.6582,1281.8499999999767,-2226.25
14.6582,1213.8499999999767,-2037.25
14.6591,1213.8499999999767,-2037.25
14.6982,1415.8499999999767,-1966.25
14.7516,1650.8499999999767,-2380.25
15.0104,1650.8499999999767,-2380.25
15.0104,1734.8499999999767,-2194.25
15.0104,1734.8499999999767,-2194.25
15.0114,1999.8499999999767,-2342.25
15.0114,1999.8499999999767,-2342.25
15.0584,2123.8499999999767,-2466.25
15.2709,2265.8499999999767,-2466.25
15.2709,2265.8499999999767,-2467.25
15.2719,2189.8499999999767,-2358.25
15.2719,2189.8499999999767,-2358.25
15.3128,3022.8499999999767,-2983.25
15.5836,2823.8499999999767,-2983.25
15.5856,2823.8499999999767,-2023.25
15.5876,2988.8499999999767,-2023.25
15.5886,2988.8499999999767,-3024.25
15.5906,3255.8499999999767,-3024.25
15.6212,2676.8499999999767,-2423.25
15.9487,2676.8499999999767,-2423.25
15.9497,3129.8499999999767,-2171.25
15.9507,3129.8499999999767,-2875.25
15.9517,2849.8499999999767,-2875.25
15.9517,2849.8499999999767,-1603.25
15.9527,2669.8499999999767,-1603.25
15.9808,3134.8499999999767,-2449.25
16.2038,3134.8499999999767,-2449.25
16.2048,2760.8499999999767,-1697.25
16.2048,2760.8499999999767,-1697.25
16.2058,2842.8499999999767,-1359.25
16.2348,2834.8499999999767,-1359.25
16.451,2834.8499999999767,-1330.25
16.451,2598.8499999999767,-696.25
16.452,2598.8499999999767,-696.25
16.452,2604.8499999999767,-1004.25
16.492,2562.8499999999767,-1004.25
16.5418,2562.8499999999767,-823.25
16.7585,2340.8499999999767,-823.25
16.7595,2340.8499999999767,-524.25
16.7595,2438.8499999999767,-524.25
16.7605,2438.8499999999767,-943.25
16.7995,2234.8499999999767,-943.25
16.8525,2063.8499999999767,-404.25
17.0649,2063.8499999999767,-587.25
17.0659,2188.8499999999767,-587.25
17.0659,2188.8499999999767,-476.25
17.067,1940.8499999999767,-476.25
17.1058,1597.8499999999767,-254.25
17.355,1597.8499999999767,-254.25
17.356,1129.8499999999767,-549.25
17.357,1129.8499999999767,-549.25
17.358,497.8499999999767,-201.25
17.3645,-205.15000000002328,-201.25
17.6206,-205.15000000002328,-537.25
17.6216,88.84999999997672,-1368.25
17.6226,88.84999999997672,-1368.25
17.6237,-61.15000000002328,-841.25
17.6247,-61.15000000002328,-841.25
17.6716,5.849999999976717,-816.25
17.8671,415.8499999999767,-816.25
17.8671,415.8499999999767,-1681.25
17.8681,599.8499999999767,-1681.25
17.8763,599.8499999999767,-1374.25
18.111,555.8499999999767,-1374.25
18.111,808.8499999999767,-1091.25
18.111,808.8499999999767,-1656.25
18.1121,1109.8499999999767,-1656.25
18.131,1109.8499999999767,-1769.25
18.1838,1123.8499999999767,-1769.25
18.2341,1232.8499999999767,-1427.25
18.5183,1232.8499999999767,-1427.25
18.5193,1561.8499999999767,-1984.25
18.5193,1561.8499999999767,-1984.25
18.5193,1539.8499999999767,-2031.25
18.5203,1539.8499999999767,-1767.25
18.5403,1580.8499999999767,-1767.25
18.7572,1964.8499999999767,-2319.25
18.7582,1964.8499999999767,-2319.25
18.7592,1767.8499999999767,-1994.25
18.7603,1767.8499999999767,-1994.25
18.798,1922.8499999999767,-2114.25
19.0084,2278.8499999999767,-2114.25
19.01,2278.8499999999767,-2409.25
19.01,2280.8499999999767,-2409.25
19.011,2280.8499999999767,-1972.25
19.0522,2813.8499999999767,-2345.25
19.2737,2839.8499999999767,-2345.25
19.2747,2839.8499999999767,-1836.25
19.2747,2962.8499999999767,-1836.25
19.2757,2962.8499999999767,-2243.25
19.3104,2964.8499999999767,-2243.25
19.5317,2964.8499999999767,-1822.25
19.5317,2709.8499999999767,-1822.25
19.5328,2905.8499999999767,-1801.25
19.5328,2905.8499999999767,-1801.25
19.5647,2889.8499999999767,-1799.25
19.7979,2889.8499999999767,-1112.25
19.7989,2811.8499999999767,-1112.25
19.7989,2904.8499999999767,-1274.25
19.7999,2904.8499999999767,-1274.25
19.8224,2701.8499999999767,-1059.25
20.0618,2701.8499999999767,-1059.25
20.0628,2585.8499999999767,-841.25
20.0628,2603.8499999999767,-841.25
20.0628,2603.8499999999767,-973.25
20.0798,2506.8499999999767,-973.25
20.3074,2506.8499999999767,-689.25
20.3084,2393.8499999999767,-701.25
20.3084,2393.8499999999767,-701.25
20.3094,2432.8499999999767,-773.25
20.334,2023.8499999999767,-773.25
20.5567,2023.8499999999767,-433.25
20.5577,1703.8499999999767,-433.25
20.5577,1703.8499999999767,-812.25
20.5587,1258.8499999999767,-812.25
20.5911,329.8499999999767,-516.25
20.8078,329.8499999999767,-516.25
20.8078,377.8499999999767,-1180.25
20.8088,377.8499999999767,-1696.25
20.8088,466.8499999999767,-1696.25
20.8463,466.8499999999767,-906.25
21.134,466.8499999999767,-906.25
21.135,846.8499999999767,-1250.25
21.136,846.8499999999767,-1250.25
21.136,1078.8499999999767,-1960.25
21.136,1078.8499999999767,-1960.25
21.1533,1079.8499999999767,-1585.25
21.2064,1095.8499999999767,-1585.25
21.4537,1095.8499999999767,-1326.25
21.4548,1467.8499999999767,-2077.25
21.4548,1467.8499999999767,-2077.25
21.4548,1511.8499999999767,-2038.25
21.4608,1345.8499999999767,-2038.25
21.7042,1345.8499999999767,-1891.25
21.7052,1770.8499999999767,-1891.25
21.7052,1770.8499999999767,-2641.25
21.7052,1679.8499999999767,-2641.25
21.7179,1701.8499999999767,-6329.25
21.9719,1701.8499999999767,-14036.25
21.9729,2291.8499999999767,-14036.25
21.9729,2291.8499999999767,-16686.25
21.9739,2224.8499999999767,-16686.25
21.9749,2224.8499999999767,-17216.25
22.2205,2209.8499999999767,-17216.25
22.2205,2239.8499999999767,-17483.25
22.2215,2239.8499999999767,-17483.25
22.2215,2891.8499999999767,-14641.25
22.2305,2891.8499999999767,-14641.25
22.4761,2769.8499999999767,-4754.25
22.4761,1891.8499999999767,2274.75
22.4771,1891.8499999999767,2274.75
22.4771,2051.8499999999767,3487.75
22.4841,2051.8499999999767,3487.75
22.7136,2238.8499999999767,2732.75
22.7136,2348.8499999999767,2732.75
22.7136,2348.8499999999767,1494.75
22.7146,1742.8499999999767,1494.75
22.7433,1742.8499999999767,1410.75
22.9817,1898.8499999999767,1410.75
22.9817,1898.8499999999767,1117.75
22.9817,2346.8499999999767,784.75
22.9827,2125.8499999999767,784.75
22.9968,2125.8499999999767,783.75
23.2184,2454.8499999999767,783.75
23.2194,2454.8499999999767,641.75
23.2204,2205.8499999999767,641.75
23.2204,2353.8499999999767,840.75
23.2554,2353.8499999999767,840.75
23.4755,2326.8499999999767,584.75
23.4765,2326.8499999999767,584.75
23.4765,2241.8499999999767,769.75
23.4765,2342.8499999999767,523.75
23.5116,2342.8499999999767,523.75
23.7094,2224.8499999999767,816.75
23.7104,2224.8499999999767,816.75
23.7104,2330.8499999999767,585.75
23.7171,2223.8499999999767,585.75
24.0055,2223.8499999999767,735.75
24.0065,2366.8499999999767,735.75
24.0065,2366.8499999999767,589.75
24.0074,2211.8499999999767,589.75
24.0074,2211.8499999999767,764.75
24.0239,2296.8499999999767,614.75
24.2426,2249.8499999999767,614.75
24.2439,2249.8499999999767,637.75
24.2439,2309.8499999999767,637.75
24.2439,2309.8499999999767,430.75
24.2781,1947.8499999999767,430.75
24.5103,1950.8499999999767,662.75
24.5103,1950.8499999999767,662.75
24.5113,2057.8499999999767,67.75
24.5113,2057.8499999999767,67.75
24.5358,1878.8499999999767,661.75
24.7362,2317.8499999999767,203.75
24.7372,2317.8499999999767,203.75
24.7372,2470.8499999999767,64.75
24.7404,2470.8499999999767,64.75
25.0347,2734.8499999999767,451.75
25.0357,2734.8499999999767,451.75
25.0357,3048.8499999999767,85.75
25.0357,2912.8499999999767,85.75
25.0367,2912.8499999999767,113.75
25.0487,3021.8499999999767,-120.25
25.3843,3021.8499999999767,-120.25
25.3853,2927.8499999999767,102.75
25.3873,2832.8499999999767,102.75
25.3893,2832.8499999999767,217.75
25.3903,2922.8499999999767,217.75
25.3903,2922.8499999999767,248.75
25.4053,2835.8499999999767,248.75
25.6613,2915.8499999999767,776.75
25.6613,2915.8499999999767,776.75
25.6623,2946.8499999999767,871.75
25.6623,2946.8499999999767,1144.75
25.6623,2723.8499999999767,1144.75
25.7225,2723.8499999999767,1102.75
25.7655,2634.8499999999767,1102.75
25.974,2542.8499999999767,1191.75
25.974,2542.8499999999767,1191.75
25.974,2488.8499999999767,1199.75
25.975,2488.8499999999767,1199.75
26.0198,2443.8499999999767,1398.75
26.2207,2433.8499999999767,1398.75
26.2217,2433.8499999999767,1339.75
26.2217,2143.8499999999767,372.75
26.2238,2143.8499999999767,372.75
26.5176,1245.8499999999767,-7984.25
26.5176,1335.8499999999767,-7984.25
26.5186,1335.8499999999767,-16071.25
26.5186,1055.8499999999767,-16071.25
26.5186,1055.8499999999767,-15615.25
26.5311,939.8499999999767,-15615.25
26.7505,939.8499999999767,-15951.25
26.7505,1017.8499999999767,-15951.25
26.7505,1368.8499999999767,-16660.25
26.7515,1368.8499999999767,-13506.25
26.7894,1981.8499999999767,-13506.25
26.9788,1981.8499999999767,-1906.25
26.9798,990.8499999999767,-1906.25
26.9798,837.8499999999767,4190.75
26.9941,837.8499999999767,4190.75
27.2723,1249.8499999999767,2708.75
27.2732,1249.8499999999767,2708.75
27.2732,995.8499999999767,2198.75
27.2742,976.8499999999767,2198.75
27.2742,976.8499999999767,3064.75
27.3022,1095.8499999999767,3495.75
27.5382,1095.8499999999767,3495.75
27.5382,1170.8499999999767,2382.75
27.5392,1170.8499999999767,2382.75
27.5392,1212.8499999999767,1730.75
27.5587,279.8499999999767,1730.75
27.8348,279.8499999999767,3363.75
27.8348,400.8499999999767,3363.75
27.8358,400.8499999999767,2756.75
27.8358,142.84999999997672,2756.75
27.8358,575.8499999999767,-276.25
27.8659,575.8499999999767,-2372.25
28.127,994.8499999999767,-2372.25
28.127,994.8499999999767,-2803.25
28.128,1165.8499999999767,-2803.25
28.128,1321.8499999999767,-2916.25
28.129,1321.8499999999767,-2916.25
28.1733,1394.8499999999767,-2827.25
28.224,1394.8499999999767,-2827.25
28.5382,1549.8499999999767,-2829.25
28.5392,1549.8499999999767,-2974.25
28.5392,1686.8499999999767,-2974.25
28.5392,1758.8499999999767,-3073.25
28.5402,1758.8499999999767,-3073.25
28.5402,1874.8499999999767,-3145.25
28.5829,1874.8499999999767,-3145.25
28.8342,2039.8499999999767,-3266.25
28.8352,2188.8499999999767,-3266.25
28.8362,2188.8499999999767,-3393.25
28.8362,2283.8499999999767,-3393.25
28.8372,2283.8499999999767,-3436.25
29.0857,2417.8499999999767,-3570.25
29.0867,2523.8499999999767,-3570.25
29.0867,2523.8499999999767,-3458.25
29.0876,2677.8499999999767,-3458.25
29.0946,2677.8499999999767,-3547.25
29.3511,2745.8499999999767,-3547.25
29.3522,2745.8499999999767,-3585.25
29.3522,2880.8499999999767,-3585.25
29.3532,2547.8499999999767,-4647.25
29.3532,2547.8499999999767,-4647.25
29.585,3169.8499999999767,-11268.25
29.5861,3169.8499999999767,-16416.25
29.5861,3244.8499999999767,-16416.25
29.5861,3280.8499999999767,-16891.25
29.6073,3280.8499999999767,-16891.25
29.8196,3167.8499999999767,-16794.25
29.8196,3167.8499999999767,-16794.25
29.8196,2984.8499999999767,-15589.25
29.8207,3104.8499999999767,-15589.25
29.8604,3104.8499999999767,-16120.25
30.0599,3103.8499999999767,-16120.25
30.0609,3103.8499999999767,-16581.25
30.0609,3031.8499999999767,-16482.25
30.0692,3031.8499999999767,-16482.25
30.3318,3109.8499999999767,-16158.25
30.3318,3059.8499999999767,-16158.25
30.3329,3059.8499999999767,-15162.25
30.3329,2781.8499999999767,-15162.25
30.3339,2781.8499999999767,-15917.25
30.3768,2257.8499999999767,-15917.25
30.5876,2091.8499999999767,-16881.25
30.5876,2091.8499999999767,-16881.25
30.5886,1891.8499999999767,-16796.25
30.5896,1891.8499999999767,-16308.25
30.6311,2003.8499999999767,-16308.25
30.8821,1779.8499999999767,-16164.25
30.8821,1779.8499999999767,-16164.25
30.8821,1900.8499999999767,-16872.25
30.8831,1900.8499999999767,-16872.25
30.889,1972.8499999999767,-17153.25
31.1562,1972.8499999999767,-17153.25
31.1572,1822.8499999999767,-16709.25
31.1572,2165.8499999999767,-16709.25
31.1582,2165.8499999999767,-16323.25
31.1582,2235.8499999999767,-13899.25
31.1962,2235.8499999999767,-13899.25
31.406,1879.8499999999767,-12660.25
31.407,1897.8499999999767,-12660.25
31.407,1897.8499999999767,-12465.25
31.408,1851.8499999999767,-12465.25
31.4502,1851.8499999999767,-12439.25
31.697,1886.8499999999767,-12439.25
31.697,1874.8499999999767,-12476.25
31.698,1874.8499999999767,-12474.25
31.698,1893.8499999999767,-12474.25
31.708,1893.8499999999767,-12520.25
31.9876,1879.8499999999767,-12520.25
31.9886,1879.8499999999767,-12507.25
31.9896,1867.8499999999767,-12507.25
31.9896,1912.8499999999767,-12587.25
31.9905,1912.8499999999767,-12587.25
32.0156,1877.8499999999767,-12559.25
32.2294,1877.8499999999767,-12559.25
32.2294,1844.8499999999767,-12524.25
32.2294,1883.8499999999767,-12564.25
32.2305,1883.8499999999767,-12564.25
32.2695,1839.8499999999767,-12448.25
32.4877,1839.8499999999767,-12448.25
32.4887,1948.8499999999767,-12509.25
32.4897,1898.8499999999767,-12509.25
32.4897,1898.8499999999767,-12431.25
32.5277,1928.8499999999767,-12431.25
32.5774,1928.8499999999767,-12535.25
32.6306,1861.8499999999767,-12535.25
32.6792,1861.8499999999767,-12479.25
32.9341,1837.8499999999767,-12613.25
32.9341,1879.8499999999767,-12613.25
32.9351,1879.8499999999767,-12530.25
32.9351,1834.8499999999767,-12530.25
32.937,1834.8499999999767,-12568.25
32.9934,1920.8499999999767,-12568.25
33.0395,1836.8499999999767,-12514.25
33.0888,1836.8499999999767,-12514.25
33.1416,1871.8499999999767,-12512.25
