Time,Boom_Top_Rel,Boom_Bottom_Rel,Bucket_X,Bucket_Y,Bucket_Z
0.5361,50.54999999998836,-39.25,0,0,0
0.5371,50.54999999998836,-4.25,0,0,0
0.5371,43.54999999998836,-29.25,0,0,0
0.5381,43.54999999998836,-29.25,0,0,0
0.5381,44.54999999998836,-40.25,0,0,0
0.5391,55.54999999998836,-40.25,0,0,0
0.5401,55.54999999998836,-63.25,0,0,0
0.5401,16.54999999998836,-63.25,0,0,0
0.5411,16.54999999998836,-44.25,0,0,0
0.5411,17.54999999998836,-44.25,0,0,0
0.5421,23.54999999998836,-37.25,0,0,0
0.5421,23.54999999998836,-37.25,0,0,0
0.5431,29.54999999998836,-34.25,0,0,0
0.5441,29.54999999998836,-21.25,0,0,0
0.5441,30.54999999998836,-21.25,0,0,0
0.5451,-10.450000000011642,-4.25,0,0,0
0.5451,-10.450000000011642,-4.25,0,0,0
0.5461,14.549999999988358,-28.25,0,0,0
0.5461,14.549999999988358,-28.25,0,0,0
0.5461,40.54999999998836,-37.25,0,0,0
0.5471,40.54999999998836,-37.25,0,0,0
0.5471,42.54999999998836,-29.25,0,0,0
0.5481,24.54999999998836,-29.25,0,0,0
0.5491,24.54999999998836,-42.25,0,0,0
0.5491,38.54999999998836,-56.25,0,0,0
0.5501,38.54999999998836,-56.25,0,0,0
0.5511,62.54999999998836,-46.25,0,0,0
0.5521,69.54999999998836,-46.25,0,0,0
0.5521,69.54999999998836,-41.25,0,0,0
0.5531,65.54999999998836,-41.25,0,0,0
0.5541,65.54999999998836,21.75,0,0,0
0.5541,62.54999999998836,21.75,0,0,0
0.5551,101.54999999998836,-36.25,0,0,0
0.5551,101.54999999998836,-36.25,0,0,0
0.5561,55.54999999998836,-91.25,0,0,0
0.5561,55.54999999998836,-30.25,0,0,0
0.5571,60.54999999998836,-30.25,0,0,0
0.5571,60.54999999998836,-46.25,0,0,0
0.5571,58.54999999998836,-46.25,0,0,0
0.5581,40.54999999998836,-44.25,0,0,0
0.5581,40.54999999998836,-44.25,0,0,0
0.5591,78.54999999998836,-57.25,0,0,0
0.5591,78.54999999998836,-57.25,0,0,0
0.5601,80.54999999998836,-72.25,0,0,0
0.5601,55.54999999998836,-72.25,0,0,0
0.5611,55.54999999998836,-83.25,0,0,0
0.5621,111.54999999998836,-97.25,0,0,0
0.5621,111.54999999998836,-97.25,0,0,0
0.5631,92.54999999998836,-81.25,0,0,0
0.5631,79.54999999998836,-81.25,0,0,0
0.5643,79.54999999998836,-109.25,0,0,0
0.5643,45.54999999998836,-109.25,0,0,0
0.5643,45.54999999998836,-100.25,0,0,0
0.5653,43.54999999998836,-100.25,0,0,0
0.5663,43.54999999998836,-63.25,0,0,0
0.5663,39.54999999998836,-63.25,0,0,0
0.5663,65.54999999998836,-96.25,0,0,0
0.5673,65.54999999998836,-113.25,0,0,0
0.5673,120.54999999998836,-113.25,0,0,0
0.5683,120.54999999998836,-96.25,0,0,0
0.5683,97.54999999998836,-96.25,0,0,0
0.5693,41.54999999998836,-109.25,0,0,0
0.5693,41.54999999998836,-109.25,0,0,0
0.5705,63.54999999998836,-116.25,0,0,0
0.5715,63.54999999998836,-116.25,0,0,0
0.5715,41.54999999998836,-93.25,0,0,0
0.5725,41.54999999998836,-93.25,0,0,0
0.5735,62.54999999998836,-87.25,0,0,0
0.5735,85.54999999998836,-77.25,0,0,0
0.5745,85.54999999998836,-77.25,0,0,0
0.5745,96.54999999998836,-116.25,0,0,0
0.5755,96.54999999998836,-116.25,0,0,0
0.5755,104.54999999998836,-110.25,0,0,0
0.5755,122.54999999998836,-110.25,0,0,0
0.5765,122.54999999998836,-116.25,0,0,0
0.6175,87.54999999998836,-116.25,0,0,0
1.4405,87.54999999998836,-88.25,0,0,0
1.4405,85.54999999998836,-88.25,0,0,0
1.4415,74.54999999998836,-82.25,0,0,0
1.4415,74.54999999998836,-105.25,0,0,0
1.443,85.54999999998836,-105.25,0,0,0
1.4438,85.54999999998836,-114.25,0,0,0
1.4438,128.54999999998836,-114.25,0,0,0
1.4448,128.54999999998836,-98.25,0,0,0
1.4458,105.54999999998836,-98.25,0,0,0
1.4458,98.54999999998836,-133.25,0,0,0
1.447,98.54999999998836,-133.25,0,0,0
1.4477,114.54999999998836,-141.25,0,0,0
1.4487,114.54999999998836,-141.25,0,0,0
1.4492,115.54999999998836,-122.25,0,0,0
1.4492,95.54999999998836,-84.25,0,0,0
1.4502,95.54999999998836,-84.25,0,0,0
1.49,70.54999999998836,-132.25,0,0,0
1.5414,70.54999999998836,-132.25,0,0,0
1.5895,71.54999999998836,-136.25,0,0,0
1.6398,80.54999999998836,-136.25,0,0,0
1.6993,80.54999999998836,-72.25,0,0,0
1.7451,88.54999999998836,-72.25,0,0,0
1.7921,88.54999999998836,-63.25,0,0,0
2.0356,105.54999999998836,-63.25,9,-11,518
2.0356,105.54999999998836,-105.25,9,-11,518
2.0366,104.54999999998836,-73.25,9,-11,518
2.0366,147.54999999998836,-73.25,9,-11,518
2.0586,147.54999999998836,-83.25,9,-12,518
2.2185,172.54999999998836,-83.25,9,-11,518
2.2195,172.54999999998836,-62.25,9,-11,518
2.2195,113.54999999998836,-62.25,9,-11,518
2.2585,88.54999999998836,-61.25,9,-11,518
2.4638,88.54999999998836,-61.25,0,0,0
2.4638,115.54999999998836,-138.25,0,0,0
2.4648,115.54999999998836,-138.25,0,0,0
2.4658,126.54999999998836,-154.25,0,0,0
2.5169,130.54999999998836,-120.25,0,0,0
2.5639,130.54999999998836,-120.25,9,-11,518
2.6117,171.54999999998836,-142.25,9,-11,518
2.8369,171.54999999998836,-142.25,9,-12,518
2.838,141.54999999998836,-147.25,9,-12,518
2.839,141.54999999998836,-147.25,9,-12,518
2.839,107.54999999998836,-117.25,9,-12,518
2.8699,132.54999999998836,-117.25,9,-12,518
3.0661,132.54999999998836,-107.25,9,-11,518
3.0666,163.54999999998836,-113.25,9,-11,518
3.0666,163.54999999998836,-113.25,9,-11,518
3.0786,159.54999999998836,-159.25,0,0,0
3.2688,134.54999999998836,-159.25,9,-11,518
3.2698,134.54999999998836,-164.25,9,-11,518
3.2698,75.54999999998836,-164.25,9,-11,518
3.2788,75.54999999998836,-117.25,9,-11,518
3.477,80.54999999998836,-117.25,9,-11,511
3.477,147.54999999998836,-98.25,9,-11,511
3.477,147.54999999998836,-98.25,9,-11,511
3.484,184.54999999998836,-142.25,9,-11,511
4.714,-8.450000000011642,7.850000000093132,9,-11,518
4.714,-18.45000000001164,-14.149999999906868,9,-11,518
4.715,-18.45000000001164,-33.14999999990687,9,-11,518
4.715,-43.45000000001164,-33.14999999990687,9,-11,518
4.7684,-43.45000000001164,-37.14999999990687,9,-11,518
4.909,-40.45000000001164,-37.14999999990687,9,-11,518
4.909,33.54999999998836,-42.14999999990687,9,-11,518
4.926,33.54999999998836,-42.14999999990687,9,-11,518
5.1295,298.54999999998836,-285.14999999990687,9,-11,518
5.1305,298.54999999998836,-285.14999999990687,9,-11,518
5.1316,229.54999999998836,208.85000000009313,9,-11,518
5.1316,169.54999999998836,208.85000000009313,9,-11,518
5.179,169.54999999998836,315.85000000009313,9,-11,518
5.3529,422.54999999998836,-1052.1499999999069,0,0,0
5.3529,422.54999999998836,-1052.1499999999069,0,0,0
5.3539,74.54999999998836,756.8500000000931,0,0,0
5.3814,74.54999999998836,756.8500000000931,0,0,0
5.5587,185.54999999998836,175.85000000009313,0,0,0
5.5587,456.54999999998836,175.85000000009313,0,0,0
5.5602,456.54999999998836,437.85000000009313,0,0,0
5.5867,221.54999999998836,437.85000000009313,0,0,0
5.7747,221.54999999998836,1381.8500000000931,0,0,0
5.7747,517.5499999999884,1381.8500000000931,0,0,0
5.7758,509.54999999998836,835.8500000000931,0,0,0
5.7885,509.54999999998836,1894.8500000000931,0,0,0
5.9594,454.54999999998836,1894.8500000000931,0,0,0
5.9594,454.54999999998836,1743.8500000000931,0,0,0
5.9605,404.54999999998836,1743.8500000000931,0,0,0
5.9938,246.54999999998836,1653.8500000000931,0,0,0
6.1589,246.54999999998836,1653.8500000000931,0,0,0
6.1589,205.54999999998836,1522.8500000000931,0,0,0
6.1599,205.54999999998836,1522.8500000000931,0,0,0
6.1993,160.54999999998836,1534.8500000000931,0,0,0
6.3568,160.54999999998836,1534.8500000000931,-9,-15,552
6.3578,95.54999999998836,1638.8500000000931,-9,-15,552
6.3578,107.54999999998836,1592.8500000000931,-9,-15,552
6.403,107.54999999998836,1592.8500000000931,-9,-15,552
6.5592,-39.45000000001164,1855.8500000000931,0,0,0
6.5602,-39.45000000001164,1855.8500000000931,0,0,0
6.5602,-115.45000000001164,1767.8500000000931,0,0,0
6.6085,-180.45000000001164,1767.8500000000931,-13,-13,570
6.7591,-180.45000000001164,1980.8500000000931,0,0,0
6.7601,-224.45000000001164,1980.8500000000931,0,0,0
6.7601,-224.45000000001164,2075.850000000093,0,0,0
6.8135,-313.45000000001164,2075.850000000093,0,0,0
6.9944,-388.45000000001164,2421.850000000093,0,0,0
6.9954,-388.45000000001164,2948.850000000093,0,0,0
6.9954,-224.45000000001164,2948.850000000093,0,0,0
7.0182,-224.45000000001164,8826.850000000093,0,0,0
7.2192,-640.4500000000116,8826.850000000093,0,0,0
7.2203,-640.4500000000116,16166.850000000093,0,0,0
7.2203,-1252.4500000000116,16166.850000000093,0,0,0
7.2275,-1224.4500000000116,17229.850000000093,0,0,0
7.418,-1224.4500000000116,17229.850000000093,0,0,0
7.419,-1106.4500000000116,16718.850000000093,0,0,0
7.419,-1106.4500000000116,16718.850000000093,0,0,0
7.4403,-1014.4500000000116,16179.850000000093,0,0,0
7.6466,-1120.4500000000116,16290.850000000093,0,0,0
7.6466,-1120.4500000000116,16290.850000000093,0,0,0
7.6479,-1077.4500000000116,17000.850000000093,0,0,0
7.6479,-1077.4500000000116,17000.850000000093,0,0,0
7.6912,-969.4500000000116,16350.850000000093,0,0,0
7.8609,-832.4500000000116,16350.850000000093,0,0,0
7.862,-832.4500000000116,16022.850000000093,0,0,0
7.862,-850.4500000000116,16022.850000000093,0,0,0
7.8959,-850.4500000000116,16907.850000000093,0,0,0
8.0713,-825.4500000000116,16907.850000000093,0,0,0
8.0713,-825.4500000000116,17214.850000000093,0,0,0
8.0722,-694.4500000000116,16815.850000000093,0,0,0
8.0996,-637.4500000000116,16815.850000000093,0,0,0
8.3035,-637.4500000000116,16209.850000000093,0,0,0
8.3035,-603.4500000000116,16209.850000000093,0,0,0
8.3035,-603.4500000000116,16317.850000000093,0,0,0
8.3045,-661.4500000000116,16317.850000000093,0,0,0
8.3509,-503.45000000001164,16495.850000000093,0,0,0
8.5055,-503.45000000001164,16495.850000000093,0,0,0
8.5067,-445.45000000001164,16185.850000000093,0,0,0
8.5067,-445.45000000001164,16185.850000000093,0,0,0
8.556,-436.45000000001164,16463.850000000093,0,0,0
8.7176,-468.45000000001164,17254.850000000093,0,0,0
8.7186,-468.45000000001164,17254.850000000093,0,0,0
8.7186,-347.45000000001164,17464.850000000093,0,0,0
8.7642,-347.45000000001164,17464.850000000093,0,0,0
8.9285,-262.45000000001164,16664.850000000093,0,0,0
8.9295,-262.45000000001164,16664.850000000093,0,0,0
8.9295,-245.45000000001164,16871.850000000093,0,0,0
8.9686,-549.4500000000116,16871.850000000093,0,0,0
9.1513,-549.4500000000116,17143.850000000093,0,0,0
9.1513,-350.45000000001164,17143.850000000093,0,0,0
9.1523,-350.45000000001164,16846.850000000093,0,0,0
9.1809,-54.45000000001164,16569.850000000093,0,0,0
9.3603,-444.45000000001164,16569.850000000093,0,0,0
9.3613,-444.45000000001164,16610.850000000093,0,0,0
9.3613,-441.45000000001164,16610.850000000093,0,0,0
9.3804,-441.45000000001164,15618.850000000093,0,0,0
9.5549,-386.45000000001164,15618.850000000093,0,0,0
9.5549,-429.45000000001164,15750.850000000093,0,0,0
9.5559,-429.45000000001164,15750.850000000093,0,0,0
9.5783,-261.45000000001164,15310.850000000093,0,0,0
9.7607,-261.45000000001164,15310.850000000093,0,0,0
9.7618,-88.45000000001164,14839.850000000093,0,0,0
9.7618,-88.45000000001164,14760.850000000093,0,0,0
9.7984,-101.45000000001164,14760.850000000093,0,0,0
9.96,33.54999999998836,14255.850000000093,0,0,0
9.96,33.54999999998836,14255.850000000093,0,0,0
9.9611,11.549999999988358,14106.850000000093,0,0,0
10.0041,11.549999999988358,14106.850000000093,0,0,0
10.1672,122.54999999998836,13964.850000000093,0,0,0
10.1672,152.54999999998836,13964.850000000093,0,0,0
10.1682,152.54999999998836,13945.850000000093,0,0,0
10.1996,186.54999999998836,13879.850000000093,0,0,0
10.3966,186.54999999998836,13879.850000000093,0,0,0
10.3966,258.54999999998836,13767.850000000093,0,0,0
10.3979,258.54999999998836,13767.850000000093,0,0,0
10.3979,264.54999999998836,13961.850000000093,0,0,0
10.6176,168.54999999998836,13961.850000000093,0,0,0
10.6186,168.54999999998836,14034.850000000093,0,0,0
10.6196,138.54999999998836,14034.850000000093,0,0,0
10.6196,138.54999999998836,13717.850000000093,0,0,0
10.6651,181.54999999998836,13717.850000000093,0,0,0
10.823,54.54999999998836,13565.850000000093,0,0,0
10.824,54.54999999998836,13743.850000000093,0,0,0
10.824,11.549999999988358,13743.850000000093,0,0,0
10.8666,11.549999999988358,13987.850000000093,2,-73,526
11.0418,-80.45000000001164,13987.850000000093,0,0,0
11.0418,-2.4500000000116415,13639.850000000093,0,0,0
11.0428,-2.4500000000116415,13639.850000000093,0,0,0
11.0711,124.54999999998836,9231.850000000093,0,0,0
11.2891,124.54999999998836,9231.850000000093,0,0,0
11.2891,80.54999999998836,-498.14999999990687,0,0,0
11.2902,80.54999999998836,-498.14999999990687,0,0,0
11.2902,267.54999999998836,-4846.149999999907,0,0,0
11.3225,508.54999999998836,-4631.149999999907,0,0,0
11.4876,508.54999999998836,-4631.149999999907,0,0,0
11.4876,426.54999999998836,-4457.149999999907,0,0,0
11.4886,426.54999999998836,-4457.149999999907,0,0,0
11.5267,416.54999999998836,-4886.149999999907,0,0,0
11.6776,417.54999999998836,-4886.149999999907,0,0,0
11.6787,417.54999999998836,-4510.149999999907,0,0,0
11.6871,464.54999999998836,-4510.149999999907,11,-60,511
11.7314,464.54999999998836,-4063.149999999907,11,-60,511
11.8742,445.54999999998836,-4063.149999999907,0,0,0
11.8742,459.54999999998836,-4546.149999999907,0,0,0
11.8911,459.54999999998836,-4860.149999999907,0,0,0
12.0889,470.54999999998836,-4860.149999999907,0,0,0
12.0901,470.54999999998836,-4764.149999999907,0,0,0
12.0901,429.54999999998836,-4764.149999999907,0,0,0
12.0901,429.54999999998836,-4525.149999999907,0,0,0
12.143,230.54999999998836,-4525.149999999907,0,0,0
12.3111,215.54999999998836,-4778.149999999907,0,0,0
12.3121,215.54999999998836,-4778.149999999907,0,0,0
12.3121,132.54999999998836,-5153.149999999907,0,0,0
12.3464,132.54999999998836,-5153.149999999907,0,0,0
12.5324,124.54999999998836,-5477.149999999907,0,0,0
12.5334,85.54999999998836,-5594.149999999907,0,0,0
12.5334,85.54999999998836,-5594.149999999907,0,0,0
12.5513,5.5499999999883585,-5751.149999999907,0,0,0
12.7405,5.5499999999883585,-5751.149999999907,0,0,0
12.7405,48.54999999998836,-5791.149999999907,0,0,0
12.7415,-9.450000000011642,-5791.149999999907,0,0,0
12.7558,-9.450000000011642,-5758.149999999907,0,0,0
12.9523,-64.45000000001164,-5758.149999999907,0,0,0
12.9523,-64.45000000001164,-5621.149999999907,0,0,0
12.9535,-112.45000000001164,-5621.149999999907,0,0,0
12.9614,-112.45000000001164,-5832.149999999907,0,0,0
13.17,-133.45000000001164,-5657.149999999907,0,0,0
13.171,-65.45000000001164,-5657.149999999907,0,0,0
13.171,-65.45000000001164,-5388.149999999907,0,0,0
13.171,167.54999999998836,-5388.149999999907,0,0,0
13.2256,167.54999999998836,-3366.149999999907,0,0,0
13.3975,-40.45000000001164,-3366.149999999907,0,0,0
13.3975,-174.45000000001164,-2071.149999999907,0,0,0
13.3985,-174.45000000001164,-2071.149999999907,0,0,0
13.4314,-168.45000000001164,-1882.1499999999069,0,0,0
13.6064,-168.45000000001164,-1882.1499999999069,0,0,0
13.6074,-126.45000000001164,-1928.1499999999069,0,0,0
13.6074,-112.45000000001164,-2035.1499999999069,0,0,0
